asset,event_date,window_date,days_from_event,event_type,event_return,event_loss,price,return
INGA.AS,2008-09-19,2008-09-16,-3,largest_positive_return,0.192476,-0.192476,7.457747,-0.091568
INGA.AS,2008-09-19,2008-09-17,-2,largest_positive_return,0.192476,-0.192476,7.089972,-0.050572
INGA.AS,2008-09-19,2008-09-18,-1,largest_positive_return,0.192476,-0.192476,6.873389,-0.031024
INGA.AS,2008-09-19,2008-09-19,0,largest_positive_return,0.192476,-0.192476,8.332247,0.192476
INGA.AS,2008-09-19,2008-09-22,1,largest_positive_return,0.192476,-0.192476,7.866393,-0.057533
INGA.AS,2008-09-19,2008-09-23,2,largest_positive_return,0.192476,-0.192476,7.523134,-0.044617
INGA.AS,2008-09-19,2008-09-24,3,largest_positive_return,0.192476,-0.192476,7.277946,-0.033134
INGA.AS,2008-09-29,2008-09-24,-3,largest_negative_return,-0.200797,0.200797,7.277946,-0.033134
INGA.AS,2008-09-29,2008-09-25,-2,largest_negative_return,-0.200797,0.200797,7.702936,0.056753
INGA.AS,2008-09-29,2008-09-26,-1,largest_negative_return,-0.200797,0.200797,7.165568,-0.072314
INGA.AS,2008-09-29,2008-09-29,0,largest_negative_return,-0.200797,0.200797,5.861997,-0.200797
INGA.AS,2008-09-29,2008-09-30,1,largest_negative_return,-0.200797,0.200797,6.101052,0.039971
INGA.AS,2008-09-29,2008-10-01,2,largest_negative_return,-0.200797,0.200797,6.477004,0.059797
INGA.AS,2008-09-29,2008-10-02,3,largest_negative_return,-0.200797,0.200797,6.640461,0.024923
INGA.AS,2008-10-06,2008-10-01,-3,largest_negative_return,-0.150823,0.150823,6.477004,0.059797
INGA.AS,2008-10-06,2008-10-02,-2,largest_negative_return,-0.150823,0.150823,6.640461,0.024923
INGA.AS,2008-10-06,2008-10-03,-1,largest_negative_return,-0.150823,0.150823,7.355589,0.102279
INGA.AS,2008-10-06,2008-10-06,0,largest_negative_return,-0.150823,0.150823,6.325806,-0.150823
INGA.AS,2008-10-06,2008-10-07,1,largest_negative_return,-0.150823,0.150823,5.855866,-0.077194
INGA.AS,2008-10-06,2008-10-08,2,largest_negative_return,-0.150823,0.150823,5.222469,-0.114474
INGA.AS,2008-10-06,2008-10-09,3,largest_negative_return,-0.150823,0.150823,4.877164,-0.068406
INGA.AS,2008-10-13,2008-10-08,-3,largest_positive_return,0.240648,-0.240648,5.222469,-0.114474
INGA.AS,2008-10-13,2008-10-09,-2,largest_positive_return,0.240648,-0.240648,4.877164,-0.068406
INGA.AS,2008-10-13,2008-10-10,-1,largest_positive_return,0.240648,-0.240648,4.258069,-0.135748
INGA.AS,2008-10-13,2008-10-13,0,largest_positive_return,0.240648,-0.240648,5.416574,0.240648
INGA.AS,2008-10-13,2008-10-14,1,largest_positive_return,0.240648,-0.240648,5.614765,0.035936
INGA.AS,2008-10-13,2008-10-15,2,largest_positive_return,0.240648,-0.240648,4.87512,-0.141255
INGA.AS,2008-10-13,2008-10-16,3,largest_positive_return,0.240648,-0.240648,4.133432,-0.165037
INGA.AS,2008-10-16,2008-10-13,-3,largest_negative_return,-0.165037,0.165037,5.416574,0.240648
INGA.AS,2008-10-16,2008-10-14,-2,largest_negative_return,-0.165037,0.165037,5.614765,0.035936
INGA.AS,2008-10-16,2008-10-15,-1,largest_negative_return,-0.165037,0.165037,4.87512,-0.141255
INGA.AS,2008-10-16,2008-10-16,0,largest_negative_return,-0.165037,0.165037,4.133432,-0.165037
INGA.AS,2008-10-16,2008-10-17,1,largest_negative_return,-0.165037,0.165037,2.997403,-0.321362
INGA.AS,2008-10-16,2008-10-20,2,largest_negative_return,-0.165037,0.165037,3.873943,0.256527
INGA.AS,2008-10-16,2008-10-21,3,largest_negative_return,-0.165037,0.165037,3.822862,-0.013273
INGA.AS,2008-10-17,2008-10-14,-3,largest_negative_return,-0.321362,0.321362,5.614765,0.035936
INGA.AS,2008-10-17,2008-10-15,-2,largest_negative_return,-0.321362,0.321362,4.87512,-0.141255
INGA.AS,2008-10-17,2008-10-16,-1,largest_negative_return,-0.321362,0.321362,4.133432,-0.165037
INGA.AS,2008-10-17,2008-10-17,0,largest_negative_return,-0.321362,0.321362,2.997403,-0.321362
INGA.AS,2008-10-17,2008-10-20,1,largest_negative_return,-0.321362,0.321362,3.873943,0.256527
INGA.AS,2008-10-17,2008-10-21,2,largest_negative_return,-0.321362,0.321362,3.822862,-0.013273
INGA.AS,2008-10-17,2008-10-22,3,largest_negative_return,-0.321362,0.321362,3.401959,-0.116648
INGA.AS,2008-10-20,2008-10-15,-3,largest_positive_return,0.256527,-0.256527,4.87512,-0.141255
INGA.AS,2008-10-20,2008-10-16,-2,largest_positive_return,0.256527,-0.256527,4.133432,-0.165037
INGA.AS,2008-10-20,2008-10-17,-1,largest_positive_return,0.256527,-0.256527,2.997403,-0.321362
INGA.AS,2008-10-20,2008-10-20,0,largest_positive_return,0.256527,-0.256527,3.873943,0.256527
INGA.AS,2008-10-20,2008-10-21,1,largest_positive_return,0.256527,-0.256527,3.822862,-0.013273
INGA.AS,2008-10-20,2008-10-22,2,largest_positive_return,0.256527,-0.256527,3.401959,-0.116648
INGA.AS,2008-10-20,2008-10-23,3,largest_positive_return,0.256527,-0.256527,3.310015,-0.027399
INGA.AS,2008-11-04,2008-10-30,-3,largest_positive_return,0.178261,-0.178261,2.889112,0.098001
INGA.AS,2008-11-04,2008-10-31,-2,largest_positive_return,0.178261,-0.178261,2.956538,0.02307
INGA.AS,2008-11-04,2008-11-03,-1,largest_positive_return,0.178261,-0.178261,3.109781,0.050533
INGA.AS,2008-11-04,2008-11-04,0,largest_positive_return,0.178261,-0.178261,3.716615,0.178261
INGA.AS,2008-11-04,2008-11-05,1,largest_positive_return,0.178261,-0.178261,3.636929,-0.021674
INGA.AS,2008-11-04,2008-11-06,2,largest_positive_return,0.178261,-0.178261,3.330448,-0.088033
INGA.AS,2008-11-04,2008-11-07,3,largest_positive_return,0.178261,-0.178261,3.489818,0.046743
INGA.AS,2008-11-24,2008-11-19,-3,largest_positive_return,0.164814,-0.164814,2.566283,-0.12624
INGA.AS,2008-11-24,2008-11-20,-2,largest_positive_return,0.164814,-0.164814,2.337442,-0.093401
INGA.AS,2008-11-24,2008-11-21,-1,largest_positive_return,0.164814,-0.164814,2.178072,-0.070617
INGA.AS,2008-11-24,2008-11-24,0,largest_positive_return,0.164814,-0.164814,2.568326,0.164814
INGA.AS,2008-11-24,2008-11-25,1,largest_positive_return,0.164814,-0.164814,2.541764,-0.010396
INGA.AS,2008-11-24,2008-11-26,2,largest_positive_return,0.164814,-0.164814,2.392609,-0.060474
INGA.AS,2008-11-24,2008-11-27,3,largest_positive_return,0.164814,-0.164814,2.6664,0.108345
INGA.AS,2009-01-26,2009-01-21,-3,largest_positive_return,0.244892,-0.244892,2.157639,-0.018948
INGA.AS,2009-01-26,2009-01-22,-2,largest_positive_return,0.244892,-0.244892,2.251627,0.042639
INGA.AS,2009-01-26,2009-01-23,-1,largest_positive_return,0.244892,-0.244892,2.156004,-0.043397
INGA.AS,2009-01-26,2009-01-26,0,largest_positive_return,0.244892,-0.244892,2.754258,0.244892
INGA.AS,2009-01-26,2009-01-27,1,largest_positive_return,0.244892,-0.244892,2.554024,-0.075478
INGA.AS,2009-01-26,2009-01-28,2,largest_positive_return,0.244892,-0.244892,2.787768,0.087571
INGA.AS,2009-01-26,2009-01-29,3,largest_positive_return,0.244892,-0.244892,2.615319,-0.063855
INGA.AS,2009-02-26,2009-02-23,-3,largest_positive_return,0.182806,-0.182806,1.460901,-0.122279
INGA.AS,2009-02-26,2009-02-24,-2,largest_positive_return,0.182806,-0.182806,1.495636,0.023498
INGA.AS,2009-02-26,2009-02-25,-1,largest_positive_return,0.182806,-0.182806,1.405734,-0.061992
INGA.AS,2009-02-26,2009-02-26,0,largest_positive_return,0.182806,-0.182806,1.687699,0.182806
INGA.AS,2009-02-26,2009-02-27,1,largest_positive_return,0.182806,-0.182806,1.498088,-0.119176
INGA.AS,2009-02-26,2009-03-02,2,largest_positive_return,0.182806,-0.182806,1.369774,-0.089544
INGA.AS,2009-02-26,2009-03-03,3,largest_positive_return,0.182806,-0.182806,1.254536,-0.08788
INGA.AS,2009-03-05,2009-03-02,-3,largest_negative_return,-0.201886,0.201886,1.369774,-0.089544
INGA.AS,2009-03-05,2009-03-03,-2,largest_negative_return,-0.201886,0.201886,1.254536,-0.08788
INGA.AS,2009-03-05,2009-03-04,-1,largest_negative_return,-0.201886,0.201886,1.30766,0.041473
INGA.AS,2009-03-05,2009-03-05,0,largest_negative_return,-0.201886,0.201886,1.068604,-0.201886
INGA.AS,2009-03-05,2009-03-06,1,largest_negative_return,-0.201886,0.201886,1.02161,-0.044973
INGA.AS,2009-03-05,2009-03-09,2,largest_negative_return,-0.201886,0.201886,1.041633,0.01941
INGA.AS,2009-03-05,2009-03-10,3,largest_negative_return,-0.201886,0.201886,1.21122,0.150838
INGA.AS,2009-04-09,2009-04-06,-3,largest_positive_return,0.163698,-0.163698,2.165812,-0.025152
INGA.AS,2009-04-09,2009-04-07,-2,largest_positive_return,0.163698,-0.163698,2.043628,-0.058069
INGA.AS,2009-04-09,2009-04-08,-1,largest_positive_return,0.163698,-0.163698,2.148241,0.049923
INGA.AS,2009-04-09,2009-04-09,0,largest_positive_return,0.163698,-0.163698,2.530323,0.163698
INGA.AS,2009-04-09,2009-04-14,1,largest_positive_return,0.163698,-0.163698,2.739957,0.079595
INGA.AS,2009-04-09,2009-04-15,2,largest_positive_return,0.163698,-0.163698,2.697048,-0.015784
INGA.AS,2009-04-09,2009-04-16,3,largest_positive_return,0.163698,-0.163698,2.697048,0.0
INGA.AS,2009-10-26,2009-10-21,-3,largest_negative_return,-0.198472,0.198472,4.893511,-0.012035
INGA.AS,2009-10-26,2009-10-22,-2,largest_negative_return,-0.198472,0.198472,4.660583,-0.04877
INGA.AS,2009-10-26,2009-10-23,-1,largest_negative_return,-0.198472,0.198472,4.764785,0.022112
INGA.AS,2009-10-26,2009-10-26,0,largest_negative_return,-0.198472,0.198472,3.907043,-0.198472
INGA.AS,2009-10-26,2009-10-27,1,largest_negative_return,-0.198472,0.198472,3.670848,-0.062358
INGA.AS,2009-10-26,2009-10-28,2,largest_negative_return,-0.198472,0.198472,3.488593,-0.050924
INGA.AS,2009-10-26,2009-10-29,3,largest_negative_return,-0.198472,0.198472,3.748489,0.071854
INGA.AS,2010-05-10,2010-05-05,-3,largest_positive_return,0.219838,-0.219838,3.404309,0.001095
INGA.AS,2010-05-10,2010-05-06,-2,largest_positive_return,0.219838,-0.219838,3.161106,-0.07412
INGA.AS,2010-05-10,2010-05-07,-1,largest_positive_return,0.219838,-0.219838,2.934933,-0.074237
INGA.AS,2010-05-10,2010-05-10,0,largest_positive_return,0.219838,-0.219838,3.656559,0.219838
INGA.AS,2010-05-10,2010-05-11,1,largest_positive_return,0.219838,-0.219838,3.589505,-0.018508
INGA.AS,2010-05-10,2010-05-12,2,largest_positive_return,0.219838,-0.219838,3.741175,0.041385
INGA.AS,2010-05-10,2010-05-13,3,largest_positive_return,0.219838,-0.219838,3.757672,0.0044
INGA.AS,2011-11-01,2011-10-27,-3,largest_negative_return,-0.155776,0.155776,3.788006,0.134696
INGA.AS,2011-11-01,2011-10-28,-2,largest_negative_return,-0.155776,0.155776,3.602809,-0.050126
INGA.AS,2011-11-01,2011-10-31,-1,largest_negative_return,-0.155776,0.155776,3.331402,-0.078321
INGA.AS,2011-11-01,2011-11-01,0,largest_negative_return,-0.155776,0.155776,2.850849,-0.155776
INGA.AS,2011-11-01,2011-11-02,1,largest_negative_return,-0.155776,0.155776,3.009437,0.054136
INGA.AS,2011-11-01,2011-11-03,2,largest_negative_return,-0.155776,0.155776,3.290956,0.089425
INGA.AS,2011-11-01,2011-11-04,3,largest_negative_return,-0.155776,0.155776,3.19623,-0.029206
INGA.AS,2016-06-24,2016-06-21,-3,largest_negative_return,-0.161849,0.161849,5.938586,0.010055
INGA.AS,2016-06-24,2016-06-22,-2,largest_negative_return,-0.161849,0.161849,5.989512,0.008539
INGA.AS,2016-06-24,2016-06-23,-1,largest_negative_return,-0.161849,0.161849,6.210193,0.036182
INGA.AS,2016-06-24,2016-06-24,0,largest_negative_return,-0.161849,0.161849,5.282202,-0.161849
INGA.AS,2016-06-24,2016-06-27,1,largest_negative_return,-0.161849,0.161849,4.870265,-0.081195
INGA.AS,2016-06-24,2016-06-28,2,largest_negative_return,-0.161849,0.161849,4.985129,0.023311
INGA.AS,2016-06-24,2016-06-29,3,largest_negative_return,-0.161849,0.161849,5.099432,0.02267
INGA.AS,2020-03-09,2020-03-04,-3,largest_negative_return,-0.153709,0.153709,5.550035,-0.017781
INGA.AS,2020-03-09,2020-03-05,-2,largest_negative_return,-0.153709,0.153709,5.350899,-0.03654
INGA.AS,2020-03-09,2020-03-06,-1,largest_negative_return,-0.153709,0.153709,5.110447,-0.045978
INGA.AS,2020-03-09,2020-03-09,0,largest_negative_return,-0.153709,0.153709,4.382318,-0.153709
INGA.AS,2020-03-09,2020-03-10,1,largest_negative_return,-0.153709,0.153709,4.345743,-0.008381
INGA.AS,2020-03-09,2020-03-11,2,largest_negative_return,-0.153709,0.153709,4.335583,-0.002341
INGA.AS,2020-03-09,2020-03-12,3,largest_negative_return,-0.153709,0.153709,3.495694,-0.215324
INGA.AS,2020-03-12,2020-03-09,-3,largest_negative_return,-0.215324,0.215324,4.382318,-0.153709
INGA.AS,2020-03-12,2020-03-10,-2,largest_negative_return,-0.215324,0.215324,4.345743,-0.008381
INGA.AS,2020-03-12,2020-03-11,-1,largest_negative_return,-0.215324,0.215324,4.335583,-0.002341
INGA.AS,2020-03-12,2020-03-12,0,largest_negative_return,-0.215324,0.215324,3.495694,-0.215324
INGA.AS,2020-03-12,2020-03-13,1,largest_negative_return,-0.215324,0.215324,3.497728,0.000581
INGA.AS,2020-03-12,2020-03-16,2,largest_negative_return,-0.215324,0.215324,3.163127,-0.100553
INGA.AS,2020-03-12,2020-03-17,3,largest_negative_return,-0.215324,0.215324,3.156353,-0.002144
INGA.AS,2020-03-24,2020-03-19,-3,largest_positive_return,0.186449,-0.186449,3.027661,0.038657
INGA.AS,2020-03-24,2020-03-20,-2,largest_positive_return,0.186449,-0.186449,3.364293,0.105428
INGA.AS,2020-03-24,2020-03-23,-1,largest_positive_return,0.186449,-0.186449,3.274886,-0.026935
INGA.AS,2020-03-24,2020-03-24,0,largest_positive_return,0.186449,-0.186449,3.946119,0.186449
INGA.AS,2020-03-24,2020-03-25,1,largest_positive_return,0.186449,-0.186449,4.05246,0.026592
INGA.AS,2020-03-24,2020-03-26,2,largest_positive_return,0.186449,-0.186449,4.061265,0.00217
INGA.AS,2020-03-24,2020-03-27,3,largest_positive_return,0.186449,-0.186449,3.711086,-0.09017
UCG.MI,2005-01-06,2005-01-03,-3,largest_positive_return,0.174622,-0.174622,59.746735,
UCG.MI,2005-01-06,2005-01-04,-2,largest_positive_return,0.174622,-0.174622,60.029892,0.004728
UCG.MI,2005-01-06,2005-01-05,-1,largest_positive_return,0.174622,-0.174622,59.746735,-0.004728
UCG.MI,2005-01-06,2005-01-06,0,largest_positive_return,0.174622,-0.174622,71.146202,0.174622
UCG.MI,2005-01-06,2005-01-07,1,largest_positive_return,0.174622,-0.174622,60.029892,-0.169894
UCG.MI,2005-01-06,2005-01-10,2,largest_positive_return,0.174622,-0.174622,59.888332,-0.002361
UCG.MI,2005-01-06,2005-01-11,3,largest_positive_return,0.174622,-0.174622,59.038837,-0.014286
UCG.MI,2005-01-07,2005-01-04,-3,largest_negative_return,-0.169894,0.169894,60.029892,0.004728
UCG.MI,2005-01-07,2005-01-05,-2,largest_negative_return,-0.169894,0.169894,59.746735,-0.004728
UCG.MI,2005-01-07,2005-01-06,-1,largest_negative_return,-0.169894,0.169894,71.146202,0.174622
UCG.MI,2005-01-07,2005-01-07,0,largest_negative_return,-0.169894,0.169894,60.029892,-0.169894
UCG.MI,2005-01-07,2005-01-10,1,largest_negative_return,-0.169894,0.169894,59.888332,-0.002361
UCG.MI,2005-01-07,2005-01-11,2,largest_negative_return,-0.169894,0.169894,59.038837,-0.014286
UCG.MI,2005-01-07,2005-01-12,3,largest_negative_return,-0.169894,0.169894,58.472527,-0.009638
UCG.MI,2005-03-29,2005-03-24,-3,largest_negative_return,-0.163718,0.163718,64.73745,0.0
UCG.MI,2005-03-29,2005-03-25,-2,largest_negative_return,-0.163718,0.163718,76.544922,0.167538
UCG.MI,2005-03-29,2005-03-28,-1,largest_negative_return,-0.163718,0.163718,76.544922,0.0
UCG.MI,2005-03-29,2005-03-29,0,largest_negative_return,-0.163718,0.163718,64.985199,-0.163718
UCG.MI,2005-03-29,2005-03-30,1,largest_negative_return,-0.163718,0.163718,64.206497,-0.012055
UCG.MI,2005-03-29,2005-03-31,2,largest_negative_return,-0.163718,0.163718,64.135727,-0.001103
UCG.MI,2005-03-29,2005-04-01,3,largest_negative_return,-0.163718,0.163718,64.100319,-0.000552
UCG.MI,2005-04-25,2005-04-20,-3,largest_positive_return,0.172069,-0.172069,62.719929,-0.012896
UCG.MI,2005-04-25,2005-04-21,-2,largest_positive_return,0.172069,-0.172069,62.365974,-0.005659
UCG.MI,2005-04-25,2005-04-22,-1,largest_positive_return,0.172069,-0.172069,62.365974,0.0
UCG.MI,2005-04-25,2005-04-25,0,largest_positive_return,0.172069,-0.172069,74.075768,0.172069
UCG.MI,2005-04-25,2005-04-26,1,largest_positive_return,0.172069,-0.172069,62.082821,-0.176619
UCG.MI,2005-04-25,2005-04-27,2,largest_positive_return,0.172069,-0.172069,62.188984,0.001709
UCG.MI,2005-04-25,2005-04-28,3,largest_positive_return,0.172069,-0.172069,61.728867,-0.007426
UCG.MI,2005-04-26,2005-04-21,-3,largest_negative_return,-0.176619,0.176619,62.365974,-0.005659
UCG.MI,2005-04-26,2005-04-22,-2,largest_negative_return,-0.176619,0.176619,62.365974,0.0
UCG.MI,2005-04-26,2005-04-25,-1,largest_negative_return,-0.176619,0.176619,74.075768,0.172069
UCG.MI,2005-04-26,2005-04-26,0,largest_negative_return,-0.176619,0.176619,62.082821,-0.176619
UCG.MI,2005-04-26,2005-04-27,1,largest_negative_return,-0.176619,0.176619,62.188984,0.001709
UCG.MI,2005-04-26,2005-04-28,2,largest_negative_return,-0.176619,0.176619,61.728867,-0.007426
UCG.MI,2005-04-26,2005-04-29,3,largest_negative_return,-0.176619,0.176619,61.304119,-0.006905
UCG.MI,2005-08-16,2005-08-11,-3,largest_negative_return,-0.163735,0.163735,68.668884,0.001622
UCG.MI,2005-08-16,2005-08-12,-2,largest_negative_return,-0.163735,0.163735,68.149506,-0.007592
UCG.MI,2005-08-16,2005-08-15,-1,largest_negative_return,-0.163735,0.163735,80.579384,0.167539
UCG.MI,2005-08-16,2005-08-16,0,largest_negative_return,-0.163735,0.163735,68.409225,-0.163735
UCG.MI,2005-08-16,2005-08-17,1,largest_negative_return,-0.163735,0.163735,68.112419,-0.004348
UCG.MI,2005-08-16,2005-08-18,2,largest_negative_return,-0.163735,0.163735,67.630157,-0.007106
UCG.MI,2005-08-16,2005-08-19,3,largest_negative_return,-0.163735,0.163735,68.557602,0.01362
UCG.MI,2005-12-08,2005-12-05,-3,largest_positive_return,0.176072,-0.176072,78.277344,-0.017849
UCG.MI,2005-12-08,2005-12-06,-2,largest_positive_return,0.176072,-0.176072,77.090187,-0.015282
UCG.MI,2005-12-08,2005-12-07,-1,largest_positive_return,0.176072,-0.176072,77.906364,0.010532
UCG.MI,2005-12-08,2005-12-08,0,largest_positive_return,0.176072,-0.176072,92.905205,0.176072
UCG.MI,2005-12-08,2005-12-09,1,largest_positive_return,0.176072,-0.176072,79.093521,-0.160949
UCG.MI,2005-12-08,2005-12-12,2,largest_positive_return,0.176072,-0.176072,79.390282,0.003745
UCG.MI,2005-12-08,2005-12-13,3,largest_positive_return,0.176072,-0.176072,79.390282,0.0
UCG.MI,2006-01-06,2006-01-03,-3,largest_positive_return,0.174518,-0.174518,86.438972,-0.007695
UCG.MI,2006-01-06,2006-01-04,-2,largest_positive_return,0.174518,-0.174518,86.587372,0.001715
UCG.MI,2006-01-06,2006-01-05,-1,largest_positive_return,0.174518,-0.174518,84.732452,-0.021655
UCG.MI,2006-01-06,2006-01-06,0,largest_positive_return,0.174518,-0.174518,100.888603,0.174518
UCG.MI,2006-01-06,2006-01-09,1,largest_positive_return,0.174518,-0.174518,85.251823,-0.168407
UCG.MI,2006-01-06,2006-01-10,2,largest_positive_return,0.174518,-0.174518,85.845398,0.006938
UCG.MI,2006-01-06,2006-01-11,3,largest_positive_return,0.174518,-0.174518,88.739067,0.033152
UCG.MI,2006-01-09,2006-01-04,-3,largest_negative_return,-0.168407,0.168407,86.587372,0.001715
UCG.MI,2006-01-09,2006-01-05,-2,largest_negative_return,-0.168407,0.168407,84.732452,-0.021655
UCG.MI,2006-01-09,2006-01-06,-1,largest_negative_return,-0.168407,0.168407,100.888603,0.174518
UCG.MI,2006-01-09,2006-01-09,0,largest_negative_return,-0.168407,0.168407,85.251823,-0.168407
UCG.MI,2006-01-09,2006-01-10,1,largest_negative_return,-0.168407,0.168407,85.845398,0.006938
UCG.MI,2006-01-09,2006-01-11,2,largest_negative_return,-0.168407,0.168407,88.739067,0.033152
UCG.MI,2006-01-09,2006-01-12,3,largest_negative_return,-0.168407,0.168407,87.477722,-0.014316
UCG.MI,2006-04-25,2006-04-20,-3,largest_positive_return,0.18112,-0.18112,88.145493,0.010153
UCG.MI,2006-04-25,2006-04-21,-2,largest_positive_return,0.18112,-0.18112,87.922905,-0.002528
UCG.MI,2006-04-25,2006-04-24,-1,largest_positive_return,0.18112,-0.18112,86.809937,-0.012739
UCG.MI,2006-04-25,2006-04-25,0,largest_positive_return,0.18112,-0.18112,104.046837,0.18112
UCG.MI,2006-04-25,2006-04-26,1,largest_positive_return,0.18112,-0.18112,89.25843,-0.153305
UCG.MI,2006-04-25,2006-04-27,2,largest_positive_return,0.18112,-0.18112,89.25843,0.0
UCG.MI,2006-04-25,2006-04-28,3,largest_positive_return,0.18112,-0.18112,88.590652,-0.00751
UCG.MI,2006-06-05,2006-05-31,-3,largest_negative_return,-0.178513,0.178513,91.531303,0.020374
UCG.MI,2006-06-05,2006-06-01,-2,largest_negative_return,-0.178513,0.178513,91.992836,0.00503
UCG.MI,2006-06-05,2006-06-02,-1,largest_negative_return,-0.178513,0.178513,108.316635,0.163348
UCG.MI,2006-06-05,2006-06-05,0,largest_negative_return,-0.178513,0.178513,90.608315,-0.178513
UCG.MI,2006-06-05,2006-06-06,1,largest_negative_return,-0.178513,0.178513,88.608467,-0.022319
UCG.MI,2006-06-05,2006-06-07,2,largest_negative_return,-0.178513,0.178513,90.223732,0.018065
UCG.MI,2006-06-05,2006-06-08,3,largest_negative_return,-0.178513,0.178513,88.454643,-0.019803
UCG.MI,2006-11-01,2006-10-27,-3,largest_positive_return,0.175206,-0.175206,100.453697,0.003068
UCG.MI,2006-11-01,2006-10-30,-2,largest_positive_return,0.175206,-0.175206,100.29985,-0.001533
UCG.MI,2006-11-01,2006-10-31,-1,largest_positive_return,0.175206,-0.175206,99.915291,-0.003841
UCG.MI,2006-11-01,2006-11-01,0,largest_positive_return,0.175206,-0.175206,119.048241,0.175206
UCG.MI,2006-11-01,2006-11-02,1,largest_positive_return,0.175206,-0.175206,99.915291,-0.175206
UCG.MI,2006-11-01,2006-11-03,2,largest_positive_return,0.175206,-0.175206,100.222939,0.003074
UCG.MI,2006-11-01,2006-11-06,3,largest_positive_return,0.175206,-0.175206,100.915184,0.006883
UCG.MI,2006-11-02,2006-10-30,-3,largest_negative_return,-0.175206,0.175206,100.29985,-0.001533
UCG.MI,2006-11-02,2006-10-31,-2,largest_negative_return,-0.175206,0.175206,99.915291,-0.003841
UCG.MI,2006-11-02,2006-11-01,-1,largest_negative_return,-0.175206,0.175206,119.048241,0.175206
UCG.MI,2006-11-02,2006-11-02,0,largest_negative_return,-0.175206,0.175206,99.915291,-0.175206
UCG.MI,2006-11-02,2006-11-03,1,largest_negative_return,-0.175206,0.175206,100.222939,0.003074
UCG.MI,2006-11-02,2006-11-06,2,largest_negative_return,-0.175206,0.175206,100.915184,0.006883
UCG.MI,2006-11-02,2006-11-07,3,largest_negative_return,-0.175206,0.175206,101.376709,0.004563
UCG.MI,2007-04-25,2007-04-20,-3,largest_positive_return,0.180863,-0.180863,114.529533,0.027231
UCG.MI,2007-04-25,2007-04-23,-2,largest_positive_return,0.180863,-0.180863,114.837196,0.002683
UCG.MI,2007-04-25,2007-04-24,-1,largest_positive_return,0.180863,-0.180863,114.683372,-0.00134
UCG.MI,2007-04-25,2007-04-25,0,largest_positive_return,0.180863,-0.180863,137.419418,0.180863
UCG.MI,2007-04-25,2007-04-26,1,largest_positive_return,0.180863,-0.180863,118.144646,-0.151128
UCG.MI,2007-04-25,2007-04-27,2,largest_positive_return,0.180863,-0.180863,116.452477,-0.014426
UCG.MI,2007-04-25,2007-04-30,3,largest_positive_return,0.180863,-0.180863,116.606285,0.00132
UCG.MI,2008-11-04,2008-10-30,-3,largest_positive_return,0.175492,-0.175492,30.041908,0.045241
UCG.MI,2008-11-04,2008-10-31,-2,largest_positive_return,0.175492,-0.175492,31.774456,0.056069
UCG.MI,2008-11-04,2008-11-03,-1,largest_positive_return,0.175492,-0.175492,31.303473,-0.014934
UCG.MI,2008-11-04,2008-11-04,0,largest_positive_return,0.175492,-0.175492,37.308487,0.175492
UCG.MI,2008-11-04,2008-11-05,1,largest_positive_return,0.175492,-0.175492,36.795452,-0.013847
UCG.MI,2008-11-04,2008-11-06,2,largest_positive_return,0.175492,-0.175492,34.230286,-0.072263
UCG.MI,2008-11-04,2008-11-07,3,largest_positive_return,0.175492,-0.175492,34.819016,0.017053
UCG.MI,2009-03-18,2009-03-13,-3,largest_positive_return,0.174374,-0.174374,15.651736,0.0
UCG.MI,2009-03-18,2009-03-16,-2,largest_positive_return,0.174374,-0.174374,16.248875,0.037442
UCG.MI,2009-03-18,2009-03-17,-1,largest_positive_return,0.174374,-0.174374,16.29092,0.002584
UCG.MI,2009-03-18,2009-03-18,0,largest_positive_return,0.174374,-0.174374,19.39436,0.174374
UCG.MI,2009-03-18,2009-03-19,1,largest_positive_return,0.174374,-0.174374,20.605453,0.060573
UCG.MI,2009-03-18,2009-03-20,2,largest_positive_return,0.174374,-0.174374,20.50453,-0.00491
UCG.MI,2009-03-18,2009-03-23,3,largest_positive_return,0.174374,-0.174374,23.599554,0.140582
UCG.MI,2010-05-10,2010-05-05,-3,largest_positive_return,0.190067,-0.190067,38.487503,-0.01689
UCG.MI,2010-05-10,2010-05-06,-2,largest_positive_return,0.190067,-0.190067,35.632664,-0.077071
UCG.MI,2010-05-10,2010-05-07,-1,largest_positive_return,0.190067,-0.190067,34.448429,-0.033799
UCG.MI,2010-05-10,2010-05-10,0,largest_positive_return,0.190067,-0.190067,41.659554,0.190067
UCG.MI,2010-05-10,2010-05-11,1,largest_positive_return,0.190067,-0.190067,41.025139,-0.015346
UCG.MI,2010-05-10,2010-05-12,2,largest_positive_return,0.190067,-0.190067,40.898254,-0.003098
UCG.MI,2010-05-10,2010-05-13,3,largest_positive_return,0.190067,-0.190067,40.834816,-0.001552
UCG.MI,2012-01-05,2012-01-02,-3,largest_negative_return,-0.18955,0.18955,14.234697,0.010845
UCG.MI,2012-01-05,2012-01-03,-2,largest_negative_return,-0.18955,0.18955,13.883762,-0.024962
UCG.MI,2012-01-05,2012-01-04,-1,largest_negative_return,-0.18955,0.18955,11.876871,-0.156127
UCG.MI,2012-01-05,2012-01-05,0,largest_negative_return,-0.18955,0.18955,9.826108,-0.18955
UCG.MI,2012-01-05,2012-01-06,1,largest_negative_return,-0.18955,0.18955,8.733832,-0.117839
UCG.MI,2012-01-05,2012-01-09,2,largest_negative_return,-0.18955,0.18955,7.612676,-0.13739
UCG.MI,2012-01-05,2012-01-10,3,largest_negative_return,-0.18955,0.18955,8.072234,0.058616
UCG.MI,2016-06-24,2016-06-21,-3,largest_negative_return,-0.271659,0.271659,9.199939,0.009577
UCG.MI,2016-06-24,2016-06-22,-2,largest_negative_return,-0.271659,0.271659,9.280321,0.008699
UCG.MI,2016-06-24,2016-06-23,-1,largest_negative_return,-0.271659,0.271659,9.952597,0.069937
UCG.MI,2016-06-24,2016-06-24,0,largest_negative_return,-0.271659,0.271659,7.585016,-0.271659
UCG.MI,2016-06-24,2016-06-27,1,largest_negative_return,-0.271659,0.271659,6.9712,-0.084387
UCG.MI,2016-06-24,2016-06-28,2,largest_negative_return,-0.271659,0.271659,6.865244,-0.015316
UCG.MI,2016-06-24,2016-06-29,3,largest_negative_return,-0.271659,0.271659,7.036967,0.024706
UCG.MI,2020-03-12,2020-03-09,-3,largest_negative_return,-0.189467,0.189467,6.533639,-0.144385
UCG.MI,2020-03-12,2020-03-10,-2,largest_negative_return,-0.189467,0.189467,6.306092,-0.035448
UCG.MI,2020-03-12,2020-03-11,-1,largest_negative_return,-0.189467,0.189467,6.477511,0.02682
UCG.MI,2020-03-12,2020-03-12,0,largest_negative_return,-0.189467,0.189467,5.359495,-0.189467
UCG.MI,2020-03-12,2020-03-13,1,largest_negative_return,-0.189467,0.189467,5.850239,0.087613
UCG.MI,2020-03-12,2020-03-16,2,largest_negative_return,-0.189467,0.189467,5.114503,-0.134402
UCG.MI,2020-03-12,2020-03-17,3,largest_negative_return,-0.189467,0.189467,5.31702,0.038833
